{
	"pages": [ //pages数组中第一项表示应用启动页，参考：https://uniapp.dcloud.io/collocation/pages
		{
			"path" : "pages/login/login",
			"style" :                                                                                    
			{
				"navigationBarTitleText": "",
				"enablePullDownRefresh": false
			}
			
		},
		{
			"path": "pages/index/index"
			
		}
	    
        ,{
            "path" : "pages/order/order",
            "style" :                                                                                    
            {
                "navigationBarTitleText": "Order",
                "enablePullDownRefresh": false
            }
            
        }
        ,{
            "path" : "pages/hisprice/hisprice",
            "style" :                                                                                    
            {
                "navigationBarTitleText": "hisprice",
                "enablePullDownRefresh": false
            }
            
        }
        ,{
            "path" : "pages/Reg/Reg",
            "style" :                                                                                    
            {
                "navigationBarTitleText": "regist",
                "enablePullDownRefresh": false
            }
            
        }
    ],
	"tabBar": {
			"color":"#8a8a8a",
			"selectedColor":"#d4237a",
			"borderStyle":"black",
			"backgroundColor":"#ffffff",
			"list": [
				{
					"pagePath":"pages/index/index",
					"text":"Home"
				},
				{
					"pagePath":"pages/order/order",
					"text":"Order"
				},
				{
					"pagePath":"pages/hisprice/hisprice",
					"text":"HisPrice"
					
				},
				{
					"pagePath":"pages/Reg/Reg",
					"text":"Reg"
					
				}
				
			]	
		 }
	,
	"globalStyle": {
		"navigationBarTextStyle": "black",
		"navigationBarTitleText": "BCDMAPP",
		"navigationBarBackgroundColor": "#F8F8F8",
		"backgroundColor": "#F8F8F8"
	}
}
